{
  "module_names": [
    {
      "branches": 8,
      "branches_missing": 4,
      "branches_partial": 4,
      "coverage": 74.57627118644068,
      "lines": [
        1,
        2,
        3,
        4,
        5,
        7,
        8,
        9,
        10,
        12,
        14,
        16,
        28,
        29,
        30,
        32,
        33,
        34,
        36,
        37,
        38,
        40,
        41,
        42,
        43,
        44,
        45,
        46,
        47,
        48,
        49,
        51,
        52,
        53,
        54,
        56,
        58,
        60,
        62,
        63,
        64,
        66,
        67,
        68,
        69,
        71,
        72,
        74,
        75,
        76,
        77,
        78,
        79,
        81,
        82,
        84,
        85,
        87,
        88
      ],
      "lines_not_covered": [
        52,
        54,
        60,
        68,
        69,
        71,
        72,
        76,
        77,
        78,
        79,
        81,
        82,
        85,
        88
      ],
      "module": "app",
      "sum_lines": 59,
      "sum_lines_not_covered": 15
    }
  ],
  "overall_branch_coverage": 50.0,
  "overall_branch_partial_coverage": 50.0,
  "overall_coverage": 74.57627118644068
}