{
  "module_names": [
    {
      "branches": 2,
      "branches_missing": 1,
      "branches_partial": 1,
      "coverage": 73.33333333333333,
      "lines": [
        1,
        2,
        3,
        4,
        6,
        7,
        8,
        10,
        11,
        12,
        14,
        15,
        16,
        18,
        19,
        20,
        26,
        28,
        29,
        30,
        32,
        33,
        34,
        36,
        37,
        38,
        40,
        41,
        43,
        44
      ],
      "lines_not_covered": [
        12,
        16,
        20,
        26,
        30,
        34,
        38,
        44
      ],
      "module": "app",
      "sum_lines": 30,
      "sum_lines_not_covered": 8
    }
  ],
  "overall_branch_coverage": 50.0,
  "overall_branch_partial_coverage": 50.0,
  "overall_coverage": 73.33333333333333
}